title,company,location,summary
FRONT END DEVELOPER JUNIOR,N/A,N/A,N/A
Software Engineer (F/H),N/A,N/A,N/A
Junior Software Engineer,N/A,N/A,N/A
Front-end Developer,N/A,N/A,N/A
Software Engineer,N/A,N/A,N/A
Java Software Engineer (Remote),N/A,N/A,N/A
Software Engineer C# / C++ aux Accès Marchés,N/A,N/A,N/A
Software Engineer FullStack JAVA H/F - Groupe HARVEST,N/A,N/A,N/A
Staff Backend Software Engineer,N/A,N/A,N/A
Software Engineer for “Software Defined Vehicle”,N/A,N/A,N/A
Backend Developer M/F,N/A,N/A,N/A
STAGE - Software Engineer (H/F),N/A,N/A,N/A
"Scientific Software Engineer - Python, API, Kafka - (F/H)",N/A,N/A,N/A
Backend Software Engineer TypeScript (F/H) -- Lyon,N/A,N/A,N/A
"Software Engineer Intern- France, Paris",N/A,N/A,N/A
Python Software Engineer for GenAI/NLP project,N/A,N/A,N/A
90400/Application Developer Java Windows Nantes (IT) / Freelance,N/A,N/A,N/A
Software Engineer - Medical Imaging (Fullstack),N/A,N/A,N/A
Software engineer for AI in digital healthcare R&D,N/A,N/A,N/A
Software development engineer for causal machine learning,N/A,N/A,N/A
Back-end or Front-end Developer (Intern),N/A,N/A,N/A
Software Development Engineer,N/A,N/A,N/A
Technical Lead Software Engineer,N/A,N/A,N/A
Internship - Junior Software Developer,N/A,N/A,N/A
Digital Full Stack Developer,N/A,N/A,N/A
Software Engineer - Windows Kernel Sensors (Remote),N/A,N/A,N/A
Software Engineer Intern - Business Solutions,N/A,N/A,N/A
Full Stack Developer (H/F),N/A,N/A,N/A
Software Engineer - Backend Web/Cloud,N/A,N/A,N/A
Software Engineer JAVA pour O2S - H/F,N/A,N/A,N/A
Software Engineer - Generative AI,N/A,N/A,N/A
"UI Developer, Image Playground",N/A,N/A,N/A
Backend Software Engineer TypeScript (F/H) -- Lyon,N/A,N/A,N/A
STAGE - Software Engineer (H/F),N/A,N/A,N/A
Python Backend Developer,N/A,N/A,N/A
Software Engineer Intern (RUST & Python) - Ledger Enterprise Services (f/m),N/A,N/A,N/A
Python Developer,N/A,N/A,N/A
Software Engineer FullStack JAVA H/F - Groupe HARVEST,N/A,N/A,N/A
Developer/Data Analyst for Neuroimaging Databases,N/A,N/A,N/A
Intern Software Engineer - Paris,N/A,N/A,N/A
"Software Engineer - GenAI Apps - Onsite or Remote (FR, NL, UK, DE)",N/A,N/A,N/A
Full stack Developer,N/A,N/A,N/A
Software Engineer (Dev Ops) H/F/X,N/A,N/A,N/A
Software Engineer – Data-Plane CDN Developer,N/A,N/A,N/A
Software Engineer – Wordpress,N/A,N/A,N/A
